"0","#Define the subdirectories in which my annotated genomes and data exist"
"0","subdir <- list.dirs(""./Muribaculaceae_genomes/Annotations"", recursive=FALSE)"
"0",""
"0","#Create dataframe into which the data will land"
"0","all_content <- data.frame()"
"0",""
"0","#Function for reading the annotated genome data"
"0","read_dbCAN <- function(filepath,genome){"
"0","  dbCAN <- read.delim2(filepath,header=TRUE,sep=""\t"")"
"0","  dbCAN$Genome <- basename(genome)"
"0","  return(dbCAN)"
"0","}"
"0",""
"0","#For loop reads all annotated genome data and appends to a single dataframe"
"0","print(""Genomes read:"")"
"1","[1]"
"1"," ""Genomes read:"""
"1","
"
"0","for (s in subdir){"
"0","  g <- basename(s)"
"0","  s_fp <- paste(s,""/hmmer.out"",sep="""")"
"0","  overview_content <- read_dbCAN(s_fp,g)"
"0","  n <- nrow(overview_content) #count number of GHs"
"0","  n2 <- length(unique(overview_content$HMM.Profile))"
"0","  print(paste(g,""contains"",n,""GH loci total and"",n2,""unique GHs"",sep="" ""))"
"0","  all_content <- rbind(all_content,overview_content)}"
"1","[1]"
"1"," ""16COLB contains 116 GH loci total and 61 unique GHs"""
"1","
"
"1","[1]"
"1"," ""3SKV contains 117 GH loci total and 67 unique GHs"""
"1","
"
"1","[1]"
"1"," ""7BRU contains 135 GH loci total and 71 unique GHs"""
"1","
"
"1","[1]"
"1"," ""7FAA contains 104 GH loci total and 60 unique GHs"""
"1","
"
"1","[1]"
"1"," ""7GAM contains 187 GH loci total and 92 unique GHs"""
"1","
"
"1","[1]"
"1"," ""8CFAA contains 135 GH loci total and 70 unique GHs"""
"1","
"
"1","[1]"
"1"," ""8FAA contains 134 GH loci total and 69 unique GHs"""
"1","
"
"1","[1]"
"1"," ""8FAAM contains 117 GH loci total and 61 unique GHs"""
"1","
"
"1","[1]"
"1"," ""8FB contains 96 GH loci total and 50 unique GHs"""
"1","
"
"1","[1]"
"1"," ""DSM_28989_YL27 contains 148 GH loci total and 77 unique GHs"""
"1","
"
"1","[1]"
"1"," ""Duncaniella_6FAAM contains 173 GH loci total and 89 unique GHs"""
"1","
"
"1","[1]"
"1"," ""E12_NM3 contains 150 GH loci total and 78 unique GHs"""
"1","
"
"1","[1]"
"1"," ""E4_CT contains 175 GH loci total and 80 unique GHs"""
"1","
"
"1","[1]"
"1"," ""F1_NM4 contains 241 GH loci total and 111 unique GHs"""
"1","
"
"1","[1]"
"1"," ""F3_NM6 contains 150 GH loci total and 78 unique GHs"""
"1","
"
"1","[1]"
"1"," ""H11_NM74 contains 242 GH loci total and 111 unique GHs"""
"1","
"
"1","[1]"
"1"," ""H12_NM75 contains 155 GH loci total and 75 unique GHs"""
"1","
"
"1","[1]"
"1"," ""H4_NM65 contains 172 GH loci total and 80 unique GHs"""
"1","
"
"0","#Move the genome column to be first :)"
"0","all_content <- all_content %>% select(""Genome"",everything()) %>%"
"0","  mutate(HMM.Profile = str_remove(HMM.Profile,""\\.hmm$""))"
"0","print(""Genome data has been collected and merged! Proceed to next block."")"
"1","[1]"
"1"," ""Genome data has been collected and merged! Proceed to next block."""
"1","
"
